{"cameraMode":{"drawMode":0,"name":"Shaded","section":"Shading Mode"},"sceneLighting":true,"audioPlay":false,"sceneViewState":{"showFog":true,"showMaterialUpdate":true,"showSkybox":true,"showFlares":true,"showImageEffects":true,"showParticleSystems":true},"in2DMode":false,"pivot":{"x":-3.095179557800293,"y":2.5024077892303469,"z":-11.120843887329102},"rotation":{"x":-2.6571079558834755e-8,"y":0.1778450310230255,"z":1.8536555401738043e-8,"w":0.9840596318244934},"size":2.6916844844818117,"orthographic":false}